file,rows_total,time_parsed_ok,value_parsed_ok,rows_kept_after_dropna,bins_written
/mnt/12TB/Sujan/Spatial_correlation/Raw_rain_measurement/OneDrive_1_1-26-2026/stormwatch_compiled_rawstyle_mm/.ipynb_checkpoints/1720-checkpoint.csv,28320,28320,28320,28320,18166
/mnt/12TB/Sujan/Spatial_correlation/Raw_rain_measurement/OneDrive_1_1-26-2026/stormwatch_compiled_rawstyle_mm/.ipynb_checkpoints/2320-checkpoint.csv,10966,10966,10966,10966,10156
/mnt/12TB/Sujan/Spatial_correlation/Raw_rain_measurement/OneDrive_1_1-26-2026/stormwatch_compiled_rawstyle_mm/1010.csv,17788,17788,17788,17788,15793
/mnt/12TB/Sujan/Spatial_correlation/Raw_rain_measurement/OneDrive_1_1-26-2026/stormwatch_compiled_rawstyle_mm/16005.csv,21687,21687,21687,21687,18519
/mnt/12TB/Sujan/Spatial_correlation/Raw_rain_measurement/OneDrive_1_1-26-2026/stormwatch_compiled_rawstyle_mm/16006.csv,22959,22959,22959,22959,19564
/mnt/12TB/Sujan/Spatial_correlation/Raw_rain_measurement/OneDrive_1_1-26-2026/stormwatch_compiled_rawstyle_mm/16007.csv,31303,31303,31303,31303,19389
/mnt/12TB/Sujan/Spatial_correlation/Raw_rain_measurement/OneDrive_1_1-26-2026/stormwatch_compiled_rawstyle_mm/16008.csv,22985,22985,22985,22985,19484
/mnt/12TB/Sujan/Spatial_correlation/Raw_rain_measurement/OneDrive_1_1-26-2026/stormwatch_compiled_rawstyle_mm/16010.csv,47291,47291,47291,47291,27900
/mnt/12TB/Sujan/Spatial_correlation/Raw_rain_measurement/OneDrive_1_1-26-2026/stormwatch_compiled_rawstyle_mm/16011.csv,20738,20738,20738,20738,17684
/mnt/12TB/Sujan/Spatial_correlation/Raw_rain_measurement/OneDrive_1_1-26-2026/stormwatch_compiled_rawstyle_mm/16013.csv,23110,23110,23110,23110,19587
/mnt/12TB/Sujan/Spatial_correlation/Raw_rain_measurement/OneDrive_1_1-26-2026/stormwatch_compiled_rawstyle_mm/16014.csv,18564,18564,18564,18564,15456
/mnt/12TB/Sujan/Spatial_correlation/Raw_rain_measurement/OneDrive_1_1-26-2026/stormwatch_compiled_rawstyle_mm/16015.csv,22834,22834,22834,22834,19076
/mnt/12TB/Sujan/Spatial_correlation/Raw_rain_measurement/OneDrive_1_1-26-2026/stormwatch_compiled_rawstyle_mm/16016.csv,22613,22613,22613,22613,18968
/mnt/12TB/Sujan/Spatial_correlation/Raw_rain_measurement/OneDrive_1_1-26-2026/stormwatch_compiled_rawstyle_mm/16017.csv,21785,21785,21785,21785,18175
/mnt/12TB/Sujan/Spatial_correlation/Raw_rain_measurement/OneDrive_1_1-26-2026/stormwatch_compiled_rawstyle_mm/16018.csv,24589,24589,24589,24589,19442
/mnt/12TB/Sujan/Spatial_correlation/Raw_rain_measurement/OneDrive_1_1-26-2026/stormwatch_compiled_rawstyle_mm/16019.csv,19993,19993,19993,19993,17159
/mnt/12TB/Sujan/Spatial_correlation/Raw_rain_measurement/OneDrive_1_1-26-2026/stormwatch_compiled_rawstyle_mm/16020.csv,19916,19916,19916,19916,16950
/mnt/12TB/Sujan/Spatial_correlation/Raw_rain_measurement/OneDrive_1_1-26-2026/stormwatch_compiled_rawstyle_mm/16021.csv,32684,32684,32684,32684,22265
/mnt/12TB/Sujan/Spatial_correlation/Raw_rain_measurement/OneDrive_1_1-26-2026/stormwatch_compiled_rawstyle_mm/16022.csv,32347,32347,32347,32347,21877
/mnt/12TB/Sujan/Spatial_correlation/Raw_rain_measurement/OneDrive_1_1-26-2026/stormwatch_compiled_rawstyle_mm/16023.csv,20899,20899,20899,20899,17494
/mnt/12TB/Sujan/Spatial_correlation/Raw_rain_measurement/OneDrive_1_1-26-2026/stormwatch_compiled_rawstyle_mm/16024.csv,19446,19446,19446,19446,16421
/mnt/12TB/Sujan/Spatial_correlation/Raw_rain_measurement/OneDrive_1_1-26-2026/stormwatch_compiled_rawstyle_mm/16025.csv,20812,20812,20812,20812,16642
/mnt/12TB/Sujan/Spatial_correlation/Raw_rain_measurement/OneDrive_1_1-26-2026/stormwatch_compiled_rawstyle_mm/16026.csv,27726,27726,27726,27726,17921
/mnt/12TB/Sujan/Spatial_correlation/Raw_rain_measurement/OneDrive_1_1-26-2026/stormwatch_compiled_rawstyle_mm/16027.csv,18907,18907,18907,18907,16442
/mnt/12TB/Sujan/Spatial_correlation/Raw_rain_measurement/OneDrive_1_1-26-2026/stormwatch_compiled_rawstyle_mm/16028.csv,23296,23296,23296,23296,19367
/mnt/12TB/Sujan/Spatial_correlation/Raw_rain_measurement/OneDrive_1_1-26-2026/stormwatch_compiled_rawstyle_mm/16029.csv,21725,21725,21725,21725,18348
/mnt/12TB/Sujan/Spatial_correlation/Raw_rain_measurement/OneDrive_1_1-26-2026/stormwatch_compiled_rawstyle_mm/16030.csv,26156,26156,26156,26156,19774
/mnt/12TB/Sujan/Spatial_correlation/Raw_rain_measurement/OneDrive_1_1-26-2026/stormwatch_compiled_rawstyle_mm/16031.csv,22391,22391,22391,22391,17116
/mnt/12TB/Sujan/Spatial_correlation/Raw_rain_measurement/OneDrive_1_1-26-2026/stormwatch_compiled_rawstyle_mm/16032.csv,19812,19812,19812,19812,16869
/mnt/12TB/Sujan/Spatial_correlation/Raw_rain_measurement/OneDrive_1_1-26-2026/stormwatch_compiled_rawstyle_mm/16033.csv,25315,25315,25315,25315,16308
/mnt/12TB/Sujan/Spatial_correlation/Raw_rain_measurement/OneDrive_1_1-26-2026/stormwatch_compiled_rawstyle_mm/16034.csv,28337,28337,28337,28337,17562
/mnt/12TB/Sujan/Spatial_correlation/Raw_rain_measurement/OneDrive_1_1-26-2026/stormwatch_compiled_rawstyle_mm/16035.csv,23384,23384,23384,23384,19507
/mnt/12TB/Sujan/Spatial_correlation/Raw_rain_measurement/OneDrive_1_1-26-2026/stormwatch_compiled_rawstyle_mm/16036.csv,26462,26462,26462,26462,17287
/mnt/12TB/Sujan/Spatial_correlation/Raw_rain_measurement/OneDrive_1_1-26-2026/stormwatch_compiled_rawstyle_mm/16037.csv,22188,22188,22188,22188,18674
/mnt/12TB/Sujan/Spatial_correlation/Raw_rain_measurement/OneDrive_1_1-26-2026/stormwatch_compiled_rawstyle_mm/16038.csv,51975,51975,51975,51975,21709
/mnt/12TB/Sujan/Spatial_correlation/Raw_rain_measurement/OneDrive_1_1-26-2026/stormwatch_compiled_rawstyle_mm/16039.csv,22443,22443,22443,22443,18992
/mnt/12TB/Sujan/Spatial_correlation/Raw_rain_measurement/OneDrive_1_1-26-2026/stormwatch_compiled_rawstyle_mm/16040.csv,39659,39659,39659,39659,29673
/mnt/12TB/Sujan/Spatial_correlation/Raw_rain_measurement/OneDrive_1_1-26-2026/stormwatch_compiled_rawstyle_mm/16042.csv,23804,23804,23804,23804,19364
/mnt/12TB/Sujan/Spatial_correlation/Raw_rain_measurement/OneDrive_1_1-26-2026/stormwatch_compiled_rawstyle_mm/16043.csv,30288,30288,30288,30288,19679
/mnt/12TB/Sujan/Spatial_correlation/Raw_rain_measurement/OneDrive_1_1-26-2026/stormwatch_compiled_rawstyle_mm/16044.csv,24571,24571,24571,24571,20685
/mnt/12TB/Sujan/Spatial_correlation/Raw_rain_measurement/OneDrive_1_1-26-2026/stormwatch_compiled_rawstyle_mm/16045.csv,23551,23551,23551,23551,19361
/mnt/12TB/Sujan/Spatial_correlation/Raw_rain_measurement/OneDrive_1_1-26-2026/stormwatch_compiled_rawstyle_mm/16046.csv,19594,19594,19594,19594,16297
/mnt/12TB/Sujan/Spatial_correlation/Raw_rain_measurement/OneDrive_1_1-26-2026/stormwatch_compiled_rawstyle_mm/16047.csv,20399,20399,20399,20399,17175
/mnt/12TB/Sujan/Spatial_correlation/Raw_rain_measurement/OneDrive_1_1-26-2026/stormwatch_compiled_rawstyle_mm/16048.csv,23789,23789,23789,23789,19628
/mnt/12TB/Sujan/Spatial_correlation/Raw_rain_measurement/OneDrive_1_1-26-2026/stormwatch_compiled_rawstyle_mm/16049.csv,46974,46974,46974,46974,36252
/mnt/12TB/Sujan/Spatial_correlation/Raw_rain_measurement/OneDrive_1_1-26-2026/stormwatch_compiled_rawstyle_mm/16050.csv,16067,16067,16067,16067,13789
/mnt/12TB/Sujan/Spatial_correlation/Raw_rain_measurement/OneDrive_1_1-26-2026/stormwatch_compiled_rawstyle_mm/16051.csv,18786,18786,18786,18786,16043
/mnt/12TB/Sujan/Spatial_correlation/Raw_rain_measurement/OneDrive_1_1-26-2026/stormwatch_compiled_rawstyle_mm/16052.csv,19946,19946,19946,19946,16827
/mnt/12TB/Sujan/Spatial_correlation/Raw_rain_measurement/OneDrive_1_1-26-2026/stormwatch_compiled_rawstyle_mm/16053.csv,17854,17854,17854,17854,15359
/mnt/12TB/Sujan/Spatial_correlation/Raw_rain_measurement/OneDrive_1_1-26-2026/stormwatch_compiled_rawstyle_mm/16054.csv,20039,20039,20039,20039,16992
/mnt/12TB/Sujan/Spatial_correlation/Raw_rain_measurement/OneDrive_1_1-26-2026/stormwatch_compiled_rawstyle_mm/16055.csv,20827,20827,20827,20827,16346
/mnt/12TB/Sujan/Spatial_correlation/Raw_rain_measurement/OneDrive_1_1-26-2026/stormwatch_compiled_rawstyle_mm/16057.csv,36557,36557,36557,36557,29009
/mnt/12TB/Sujan/Spatial_correlation/Raw_rain_measurement/OneDrive_1_1-26-2026/stormwatch_compiled_rawstyle_mm/16058.csv,24417,24417,24417,24417,18897
/mnt/12TB/Sujan/Spatial_correlation/Raw_rain_measurement/OneDrive_1_1-26-2026/stormwatch_compiled_rawstyle_mm/16059.csv,21197,21197,21197,21197,17969
/mnt/12TB/Sujan/Spatial_correlation/Raw_rain_measurement/OneDrive_1_1-26-2026/stormwatch_compiled_rawstyle_mm/16060.csv,16526,16526,16526,16526,13578
/mnt/12TB/Sujan/Spatial_correlation/Raw_rain_measurement/OneDrive_1_1-26-2026/stormwatch_compiled_rawstyle_mm/16061.csv,22014,22014,22014,22014,18820
/mnt/12TB/Sujan/Spatial_correlation/Raw_rain_measurement/OneDrive_1_1-26-2026/stormwatch_compiled_rawstyle_mm/16062.csv,23621,23621,23621,23621,19741
/mnt/12TB/Sujan/Spatial_correlation/Raw_rain_measurement/OneDrive_1_1-26-2026/stormwatch_compiled_rawstyle_mm/16063.csv,22586,22586,22586,22586,18996
/mnt/12TB/Sujan/Spatial_correlation/Raw_rain_measurement/OneDrive_1_1-26-2026/stormwatch_compiled_rawstyle_mm/16064.csv,24934,24934,24934,24934,20588
/mnt/12TB/Sujan/Spatial_correlation/Raw_rain_measurement/OneDrive_1_1-26-2026/stormwatch_compiled_rawstyle_mm/16065.csv,22163,22163,22163,22163,18785
/mnt/12TB/Sujan/Spatial_correlation/Raw_rain_measurement/OneDrive_1_1-26-2026/stormwatch_compiled_rawstyle_mm/16066.csv,23274,23274,23274,23274,19599
/mnt/12TB/Sujan/Spatial_correlation/Raw_rain_measurement/OneDrive_1_1-26-2026/stormwatch_compiled_rawstyle_mm/16067.csv,23577,23577,23577,23577,19503
/mnt/12TB/Sujan/Spatial_correlation/Raw_rain_measurement/OneDrive_1_1-26-2026/stormwatch_compiled_rawstyle_mm/16068.csv,22342,22342,22342,22342,18764
/mnt/12TB/Sujan/Spatial_correlation/Raw_rain_measurement/OneDrive_1_1-26-2026/stormwatch_compiled_rawstyle_mm/16069.csv,22735,22735,22735,22735,18849
/mnt/12TB/Sujan/Spatial_correlation/Raw_rain_measurement/OneDrive_1_1-26-2026/stormwatch_compiled_rawstyle_mm/16070.csv,22013,22013,22013,22013,18557
/mnt/12TB/Sujan/Spatial_correlation/Raw_rain_measurement/OneDrive_1_1-26-2026/stormwatch_compiled_rawstyle_mm/16071.csv,23160,23160,23160,23160,19582
/mnt/12TB/Sujan/Spatial_correlation/Raw_rain_measurement/OneDrive_1_1-26-2026/stormwatch_compiled_rawstyle_mm/16072.csv,30727,30727,30727,30727,26942
/mnt/12TB/Sujan/Spatial_correlation/Raw_rain_measurement/OneDrive_1_1-26-2026/stormwatch_compiled_rawstyle_mm/16073.csv,24556,24556,24556,24556,20315
/mnt/12TB/Sujan/Spatial_correlation/Raw_rain_measurement/OneDrive_1_1-26-2026/stormwatch_compiled_rawstyle_mm/16074.csv,22369,22369,22369,22369,18911
/mnt/12TB/Sujan/Spatial_correlation/Raw_rain_measurement/OneDrive_1_1-26-2026/stormwatch_compiled_rawstyle_mm/16075.csv,28457,28457,28457,28457,19793
/mnt/12TB/Sujan/Spatial_correlation/Raw_rain_measurement/OneDrive_1_1-26-2026/stormwatch_compiled_rawstyle_mm/16076.csv,23240,23240,23240,23240,19437
/mnt/12TB/Sujan/Spatial_correlation/Raw_rain_measurement/OneDrive_1_1-26-2026/stormwatch_compiled_rawstyle_mm/16077.csv,25414,25414,25414,25414,19367
/mnt/12TB/Sujan/Spatial_correlation/Raw_rain_measurement/OneDrive_1_1-26-2026/stormwatch_compiled_rawstyle_mm/16078.csv,22363,22363,22363,22363,19107
/mnt/12TB/Sujan/Spatial_correlation/Raw_rain_measurement/OneDrive_1_1-26-2026/stormwatch_compiled_rawstyle_mm/16079.csv,21492,21492,21492,21492,18365
/mnt/12TB/Sujan/Spatial_correlation/Raw_rain_measurement/OneDrive_1_1-26-2026/stormwatch_compiled_rawstyle_mm/16080.csv,21457,21457,21457,21457,18491
/mnt/12TB/Sujan/Spatial_correlation/Raw_rain_measurement/OneDrive_1_1-26-2026/stormwatch_compiled_rawstyle_mm/16081.csv,21660,21660,21660,21660,18387
/mnt/12TB/Sujan/Spatial_correlation/Raw_rain_measurement/OneDrive_1_1-26-2026/stormwatch_compiled_rawstyle_mm/16082.csv,23768,23768,23768,23768,19961
/mnt/12TB/Sujan/Spatial_correlation/Raw_rain_measurement/OneDrive_1_1-26-2026/stormwatch_compiled_rawstyle_mm/16083.csv,22475,22475,22475,22475,18729
/mnt/12TB/Sujan/Spatial_correlation/Raw_rain_measurement/OneDrive_1_1-26-2026/stormwatch_compiled_rawstyle_mm/16084.csv,24452,24452,24452,24452,22020
/mnt/12TB/Sujan/Spatial_correlation/Raw_rain_measurement/OneDrive_1_1-26-2026/stormwatch_compiled_rawstyle_mm/16085.csv,23079,23079,23079,23079,19553
/mnt/12TB/Sujan/Spatial_correlation/Raw_rain_measurement/OneDrive_1_1-26-2026/stormwatch_compiled_rawstyle_mm/16086.csv,22878,22878,22878,22878,18889
/mnt/12TB/Sujan/Spatial_correlation/Raw_rain_measurement/OneDrive_1_1-26-2026/stormwatch_compiled_rawstyle_mm/16087.csv,16536,16536,16536,16536,13985
/mnt/12TB/Sujan/Spatial_correlation/Raw_rain_measurement/OneDrive_1_1-26-2026/stormwatch_compiled_rawstyle_mm/16088.csv,18940,18940,18940,18940,15933
/mnt/12TB/Sujan/Spatial_correlation/Raw_rain_measurement/OneDrive_1_1-26-2026/stormwatch_compiled_rawstyle_mm/16090.csv,13768,13768,13768,13768,11429
/mnt/12TB/Sujan/Spatial_correlation/Raw_rain_measurement/OneDrive_1_1-26-2026/stormwatch_compiled_rawstyle_mm/16093.csv,23069,23069,23069,23069,19375
/mnt/12TB/Sujan/Spatial_correlation/Raw_rain_measurement/OneDrive_1_1-26-2026/stormwatch_compiled_rawstyle_mm/16094.csv,22992,22992,22992,22992,19400
/mnt/12TB/Sujan/Spatial_correlation/Raw_rain_measurement/OneDrive_1_1-26-2026/stormwatch_compiled_rawstyle_mm/16095.csv,23588,23588,23588,23588,20047
/mnt/12TB/Sujan/Spatial_correlation/Raw_rain_measurement/OneDrive_1_1-26-2026/stormwatch_compiled_rawstyle_mm/16096.csv,20372,20372,20372,20372,16841
/mnt/12TB/Sujan/Spatial_correlation/Raw_rain_measurement/OneDrive_1_1-26-2026/stormwatch_compiled_rawstyle_mm/16098.csv,40132,40132,40132,40132,22836
/mnt/12TB/Sujan/Spatial_correlation/Raw_rain_measurement/OneDrive_1_1-26-2026/stormwatch_compiled_rawstyle_mm/16099.csv,4184,4184,4184,4184,3651
/mnt/12TB/Sujan/Spatial_correlation/Raw_rain_measurement/OneDrive_1_1-26-2026/stormwatch_compiled_rawstyle_mm/16105.csv,9977,9977,9977,9977,8483
/mnt/12TB/Sujan/Spatial_correlation/Raw_rain_measurement/OneDrive_1_1-26-2026/stormwatch_compiled_rawstyle_mm/16106.csv,3683,3683,3081,3081,2604
/mnt/12TB/Sujan/Spatial_correlation/Raw_rain_measurement/OneDrive_1_1-26-2026/stormwatch_compiled_rawstyle_mm/16112.csv,3938,3938,3938,3938,3390
/mnt/12TB/Sujan/Spatial_correlation/Raw_rain_measurement/OneDrive_1_1-26-2026/stormwatch_compiled_rawstyle_mm/1720.csv,28320,28320,28320,28320,18166
/mnt/12TB/Sujan/Spatial_correlation/Raw_rain_measurement/OneDrive_1_1-26-2026/stormwatch_compiled_rawstyle_mm/2320.csv,10966,10966,10966,10966,10156
/mnt/12TB/Sujan/Spatial_correlation/Raw_rain_measurement/OneDrive_1_1-26-2026/stormwatch_compiled_rawstyle_mm/2420.csv,20185,20185,20185,20185,17900
/mnt/12TB/Sujan/Spatial_correlation/Raw_rain_measurement/OneDrive_1_1-26-2026/stormwatch_compiled_rawstyle_mm/2440.csv,21424,21424,21424,21424,18858
/mnt/12TB/Sujan/Spatial_correlation/Raw_rain_measurement/OneDrive_1_1-26-2026/stormwatch_compiled_rawstyle_mm/2460.csv,16961,16961,16961,16961,15299
/mnt/12TB/Sujan/Spatial_correlation/Raw_rain_measurement/OneDrive_1_1-26-2026/stormwatch_compiled_rawstyle_mm/2500.csv,22399,22399,22399,22399,19397
/mnt/12TB/Sujan/Spatial_correlation/Raw_rain_measurement/OneDrive_1_1-26-2026/stormwatch_compiled_rawstyle_mm/2520.csv,20889,20889,20889,20889,18247
/mnt/12TB/Sujan/Spatial_correlation/Raw_rain_measurement/OneDrive_1_1-26-2026/stormwatch_compiled_rawstyle_mm/2540.csv,17169,17169,17169,17169,14711
/mnt/12TB/Sujan/Spatial_correlation/Raw_rain_measurement/OneDrive_1_1-26-2026/stormwatch_compiled_rawstyle_mm/2600.csv,22723,22723,22723,22723,19420
/mnt/12TB/Sujan/Spatial_correlation/Raw_rain_measurement/OneDrive_1_1-26-2026/stormwatch_compiled_rawstyle_mm/2610.csv,21573,21573,21573,21573,18801
/mnt/12TB/Sujan/Spatial_correlation/Raw_rain_measurement/OneDrive_1_1-26-2026/stormwatch_compiled_rawstyle_mm/2620.csv,21691,21691,21691,21691,18822
/mnt/12TB/Sujan/Spatial_correlation/Raw_rain_measurement/OneDrive_1_1-26-2026/stormwatch_compiled_rawstyle_mm/2630.csv,21479,21479,21479,21479,18599
/mnt/12TB/Sujan/Spatial_correlation/Raw_rain_measurement/OneDrive_1_1-26-2026/stormwatch_compiled_rawstyle_mm/2640.csv,22168,22168,22168,22168,19049
/mnt/12TB/Sujan/Spatial_correlation/Raw_rain_measurement/OneDrive_1_1-26-2026/stormwatch_compiled_rawstyle_mm/2650.csv,20782,20782,20782,20782,17824
/mnt/12TB/Sujan/Spatial_correlation/Raw_rain_measurement/OneDrive_1_1-26-2026/stormwatch_compiled_rawstyle_mm/2700.csv,20232,20232,20232,20232,17978
/mnt/12TB/Sujan/Spatial_correlation/Raw_rain_measurement/OneDrive_1_1-26-2026/stormwatch_compiled_rawstyle_mm/2710.csv,20822,20822,20822,20822,18384
/mnt/12TB/Sujan/Spatial_correlation/Raw_rain_measurement/OneDrive_1_1-26-2026/stormwatch_compiled_rawstyle_mm/2720.csv,21270,21270,21270,21270,18393
/mnt/12TB/Sujan/Spatial_correlation/Raw_rain_measurement/OneDrive_1_1-26-2026/stormwatch_compiled_rawstyle_mm/2730.csv,24433,24433,24433,24433,19012
/mnt/12TB/Sujan/Spatial_correlation/Raw_rain_measurement/OneDrive_1_1-26-2026/stormwatch_compiled_rawstyle_mm/2740.csv,21541,21541,21541,21541,18808
/mnt/12TB/Sujan/Spatial_correlation/Raw_rain_measurement/OneDrive_1_1-26-2026/stormwatch_compiled_rawstyle_mm/2790.csv,18509,18509,18509,18509,16817
/mnt/12TB/Sujan/Spatial_correlation/Raw_rain_measurement/OneDrive_1_1-26-2026/stormwatch_compiled_rawstyle_mm/2800.csv,21256,21256,21256,21256,18638
/mnt/12TB/Sujan/Spatial_correlation/Raw_rain_measurement/OneDrive_1_1-26-2026/stormwatch_compiled_rawstyle_mm/2840.csv,21010,21010,21010,21010,18549
/mnt/12TB/Sujan/Spatial_correlation/Raw_rain_measurement/OneDrive_1_1-26-2026/stormwatch_compiled_rawstyle_mm/2890.csv,21222,21222,21222,21222,17170
/mnt/12TB/Sujan/Spatial_correlation/Raw_rain_measurement/OneDrive_1_1-26-2026/stormwatch_compiled_rawstyle_mm/2900.csv,19140,19140,19140,19140,16688
/mnt/12TB/Sujan/Spatial_correlation/Raw_rain_measurement/OneDrive_1_1-26-2026/stormwatch_compiled_rawstyle_mm/3000.csv,19474,19474,19474,19474,16955
/mnt/12TB/Sujan/Spatial_correlation/Raw_rain_measurement/OneDrive_1_1-26-2026/stormwatch_compiled_rawstyle_mm/3600.csv,22331,22331,22331,22331,19005
/mnt/12TB/Sujan/Spatial_correlation/Raw_rain_measurement/OneDrive_1_1-26-2026/stormwatch_compiled_rawstyle_mm/3620.csv,17190,17190,17190,17190,14598
/mnt/12TB/Sujan/Spatial_correlation/Raw_rain_measurement/OneDrive_1_1-26-2026/stormwatch_compiled_rawstyle_mm/3640.csv,20211,20211,20211,20211,17741
/mnt/12TB/Sujan/Spatial_correlation/Raw_rain_measurement/OneDrive_1_1-26-2026/stormwatch_compiled_rawstyle_mm/3660.csv,17321,17321,17321,17321,15184
/mnt/12TB/Sujan/Spatial_correlation/Raw_rain_measurement/OneDrive_1_1-26-2026/stormwatch_compiled_rawstyle_mm/3680.csv,16411,16411,16411,16411,14534
/mnt/12TB/Sujan/Spatial_correlation/Raw_rain_measurement/OneDrive_1_1-26-2026/stormwatch_compiled_rawstyle_mm/3690.csv,19019,19019,19019,19019,16600
/mnt/12TB/Sujan/Spatial_correlation/Raw_rain_measurement/OneDrive_1_1-26-2026/stormwatch_compiled_rawstyle_mm/3700.csv,17440,17440,17440,17440,15070
/mnt/12TB/Sujan/Spatial_correlation/Raw_rain_measurement/OneDrive_1_1-26-2026/stormwatch_compiled_rawstyle_mm/3720.csv,17654,17654,17654,17654,15137
/mnt/12TB/Sujan/Spatial_correlation/Raw_rain_measurement/OneDrive_1_1-26-2026/stormwatch_compiled_rawstyle_mm/3740.csv,21083,21083,21083,21083,18638
/mnt/12TB/Sujan/Spatial_correlation/Raw_rain_measurement/OneDrive_1_1-26-2026/stormwatch_compiled_rawstyle_mm/3760.csv,16476,16476,16476,16476,15770
/mnt/12TB/Sujan/Spatial_correlation/Raw_rain_measurement/OneDrive_1_1-26-2026/stormwatch_compiled_rawstyle_mm/3770.csv,20125,20125,20125,20125,17692
/mnt/12TB/Sujan/Spatial_correlation/Raw_rain_measurement/OneDrive_1_1-26-2026/stormwatch_compiled_rawstyle_mm/3800.csv,16577,16577,16577,16577,14371
/mnt/12TB/Sujan/Spatial_correlation/Raw_rain_measurement/OneDrive_1_1-26-2026/stormwatch_compiled_rawstyle_mm/3810.csv,21852,21852,21852,21852,18808
/mnt/12TB/Sujan/Spatial_correlation/Raw_rain_measurement/OneDrive_1_1-26-2026/stormwatch_compiled_rawstyle_mm/3820.csv,14414,14414,14414,14414,12691
/mnt/12TB/Sujan/Spatial_correlation/Raw_rain_measurement/OneDrive_1_1-26-2026/stormwatch_compiled_rawstyle_mm/3860.csv,18795,18795,18795,18795,16142
/mnt/12TB/Sujan/Spatial_correlation/Raw_rain_measurement/OneDrive_1_1-26-2026/stormwatch_compiled_rawstyle_mm/3880.csv,22199,22199,22199,22199,19061
/mnt/12TB/Sujan/Spatial_correlation/Raw_rain_measurement/OneDrive_1_1-26-2026/stormwatch_compiled_rawstyle_mm/3900.csv,16329,16329,16329,16329,14217
/mnt/12TB/Sujan/Spatial_correlation/Raw_rain_measurement/OneDrive_1_1-26-2026/stormwatch_compiled_rawstyle_mm/3920.csv,18472,18472,18472,18472,16051
/mnt/12TB/Sujan/Spatial_correlation/Raw_rain_measurement/OneDrive_1_1-26-2026/stormwatch_compiled_rawstyle_mm/3940.csv,15108,15108,15108,15108,12967
/mnt/12TB/Sujan/Spatial_correlation/Raw_rain_measurement/OneDrive_1_1-26-2026/stormwatch_compiled_rawstyle_mm/3960.csv,6544,6544,6544,6544,6230
/mnt/12TB/Sujan/Spatial_correlation/Raw_rain_measurement/OneDrive_1_1-26-2026/stormwatch_compiled_rawstyle_mm/3980.csv,17172,17172,17172,17172,14681
/mnt/12TB/Sujan/Spatial_correlation/Raw_rain_measurement/OneDrive_1_1-26-2026/stormwatch_compiled_rawstyle_mm/4000.csv,15714,15714,15714,15714,13783
/mnt/12TB/Sujan/Spatial_correlation/Raw_rain_measurement/OneDrive_1_1-26-2026/stormwatch_compiled_rawstyle_mm/4040.csv,13388,13388,13388,13388,11837
/mnt/12TB/Sujan/Spatial_correlation/Raw_rain_measurement/OneDrive_1_1-26-2026/stormwatch_compiled_rawstyle_mm/4060.csv,16789,16789,16789,16789,15102
/mnt/12TB/Sujan/Spatial_correlation/Raw_rain_measurement/OneDrive_1_1-26-2026/stormwatch_compiled_rawstyle_mm/4080.csv,21615,21615,21615,21615,18811
/mnt/12TB/Sujan/Spatial_correlation/Raw_rain_measurement/OneDrive_1_1-26-2026/stormwatch_compiled_rawstyle_mm/4150.csv,21231,21231,21231,21231,18493
/mnt/12TB/Sujan/Spatial_correlation/Raw_rain_measurement/OneDrive_1_1-26-2026/stormwatch_compiled_rawstyle_mm/4160.csv,22237,22237,22237,22237,19081
/mnt/12TB/Sujan/Spatial_correlation/Raw_rain_measurement/OneDrive_1_1-26-2026/stormwatch_compiled_rawstyle_mm/4200.csv,21126,21126,21126,21126,18238
/mnt/12TB/Sujan/Spatial_correlation/Raw_rain_measurement/OneDrive_1_1-26-2026/stormwatch_compiled_rawstyle_mm/5100.csv,21966,21966,21966,21966,19077
/mnt/12TB/Sujan/Spatial_correlation/Raw_rain_measurement/OneDrive_1_1-26-2026/stormwatch_compiled_rawstyle_mm/5110.csv,21505,21505,21505,21505,18823
/mnt/12TB/Sujan/Spatial_correlation/Raw_rain_measurement/OneDrive_1_1-26-2026/stormwatch_compiled_rawstyle_mm/5170.csv,19902,19902,19902,19902,17534
/mnt/12TB/Sujan/Spatial_correlation/Raw_rain_measurement/OneDrive_1_1-26-2026/stormwatch_compiled_rawstyle_mm/5200.csv,21905,21905,21905,21905,18817
/mnt/12TB/Sujan/Spatial_correlation/Raw_rain_measurement/OneDrive_1_1-26-2026/stormwatch_compiled_rawstyle_mm/5400.csv,21284,21284,21284,21284,18523
/mnt/12TB/Sujan/Spatial_correlation/Raw_rain_measurement/OneDrive_1_1-26-2026/stormwatch_compiled_rawstyle_mm/5600.csv,21428,21428,21428,21428,18911
/mnt/12TB/Sujan/Spatial_correlation/Raw_rain_measurement/OneDrive_1_1-26-2026/stormwatch_compiled_rawstyle_mm/5700.csv,21127,21127,21127,21127,18353
/mnt/12TB/Sujan/Spatial_correlation/Raw_rain_measurement/OneDrive_1_1-26-2026/stormwatch_compiled_rawstyle_mm/5800.csv,21942,21942,21942,21942,18849
/mnt/12TB/Sujan/Spatial_correlation/Raw_rain_measurement/OneDrive_1_1-26-2026/stormwatch_compiled_rawstyle_mm/5900.csv,21058,21058,21058,21058,18316
/mnt/12TB/Sujan/Spatial_correlation/Raw_rain_measurement/OneDrive_1_1-26-2026/stormwatch_compiled_rawstyle_mm/6000.csv,20434,20434,20434,20434,17908
/mnt/12TB/Sujan/Spatial_correlation/Raw_rain_measurement/OneDrive_1_1-26-2026/stormwatch_compiled_rawstyle_mm/7000.csv,16278,16278,16278,16278,14644
/mnt/12TB/Sujan/Spatial_correlation/Raw_rain_measurement/OneDrive_1_1-26-2026/stormwatch_compiled_rawstyle_mm/7010.csv,8213,8213,8213,8213,7209
/mnt/12TB/Sujan/Spatial_correlation/Raw_rain_measurement/OneDrive_1_1-26-2026/stormwatch_compiled_rawstyle_mm/7020.csv,7468,7468,7468,7468,6712
/mnt/12TB/Sujan/Spatial_correlation/Raw_rain_measurement/OneDrive_1_1-26-2026/stormwatch_compiled_rawstyle_mm/7030.csv,16574,16574,16574,16574,10568
/mnt/12TB/Sujan/Spatial_correlation/Raw_rain_measurement/OneDrive_1_1-26-2026/stormwatch_compiled_rawstyle_mm/7050.csv,15096,15096,15096,15096,13342
/mnt/12TB/Sujan/Spatial_correlation/Raw_rain_measurement/OneDrive_1_1-26-2026/stormwatch_compiled_rawstyle_mm/7060.csv,15286,15286,15286,15286,13210
/mnt/12TB/Sujan/Spatial_correlation/Raw_rain_measurement/OneDrive_1_1-26-2026/stormwatch_compiled_rawstyle_mm/7070.csv,2463,2463,2463,2463,2149
/mnt/12TB/Sujan/Spatial_correlation/Raw_rain_measurement/OneDrive_1_1-26-2026/stormwatch_compiled_rawstyle_mm/7080.csv,15856,15856,15856,15856,8773
