station,start_local,end_local,n_hours_total,n_hours_present,n_hours_missing,n_nonzero_hours,per_station_csv
1010,2012-01-01 13:00:00-0600,2023-12-29 23:00:00-0600,105131,11600,93531,3201,/mnt/12TB/Sujan/Spatial_correlation/Codes/Compiled_rain/compiled_rawstyle_hourly_mm/per_station_hourly/1010.hourly_mm.csv
16005,2012-01-01 12:00:00-0600,2025-08-08 06:00:00-0500,119226,12950,106276,4063,/mnt/12TB/Sujan/Spatial_correlation/Codes/Compiled_rain/compiled_rawstyle_hourly_mm/per_station_hourly/16005.hourly_mm.csv
16006,2012-01-01 09:00:00-0600,2025-08-08 01:00:00-0500,119224,13535,105689,4104,/mnt/12TB/Sujan/Spatial_correlation/Codes/Compiled_rain/compiled_rawstyle_hourly_mm/per_station_hourly/16006.hourly_mm.csv
16007,2012-01-01 15:00:00-0600,2025-08-07 21:00:00-0500,119214,13353,105861,4155,/mnt/12TB/Sujan/Spatial_correlation/Codes/Compiled_rain/compiled_rawstyle_hourly_mm/per_station_hourly/16007.hourly_mm.csv
16008,2012-01-01 16:00:00-0600,2025-08-08 02:00:00-0500,119218,13446,105772,3998,/mnt/12TB/Sujan/Spatial_correlation/Codes/Compiled_rain/compiled_rawstyle_hourly_mm/per_station_hourly/16008.hourly_mm.csv
16010,2014-08-05 07:00:00-0500,2025-08-08 02:00:00-0500,96500,12639,83861,5193,/mnt/12TB/Sujan/Spatial_correlation/Codes/Compiled_rain/compiled_rawstyle_hourly_mm/per_station_hourly/16010.hourly_mm.csv
16011,2013-09-20 10:00:00-0500,2025-08-08 02:00:00-0500,104153,12038,92115,3746,/mnt/12TB/Sujan/Spatial_correlation/Codes/Compiled_rain/compiled_rawstyle_hourly_mm/per_station_hourly/16011.hourly_mm.csv
16013,2012-01-01 14:00:00-0600,2025-08-08 05:00:00-0500,119223,13483,105740,4060,/mnt/12TB/Sujan/Spatial_correlation/Codes/Compiled_rain/compiled_rawstyle_hourly_mm/per_station_hourly/16013.hourly_mm.csv
16014,2014-10-02 05:00:00-0500,2025-08-08 01:00:00-0500,95109,10537,84572,3197,/mnt/12TB/Sujan/Spatial_correlation/Codes/Compiled_rain/compiled_rawstyle_hourly_mm/per_station_hourly/16014.hourly_mm.csv
16015,2012-01-01 16:00:00-0600,2025-08-08 02:00:00-0500,119218,13281,105937,3812,/mnt/12TB/Sujan/Spatial_correlation/Codes/Compiled_rain/compiled_rawstyle_hourly_mm/per_station_hourly/16015.hourly_mm.csv
16016,2012-09-11 10:00:00-0500,2025-08-08 02:00:00-0500,113129,12985,100144,3993,/mnt/12TB/Sujan/Spatial_correlation/Codes/Compiled_rain/compiled_rawstyle_hourly_mm/per_station_hourly/16016.hourly_mm.csv
16017,2013-02-06 18:00:00-0600,2025-08-08 02:00:00-0500,109568,12450,97118,3830,/mnt/12TB/Sujan/Spatial_correlation/Codes/Compiled_rain/compiled_rawstyle_hourly_mm/per_station_hourly/16017.hourly_mm.csv
16018,2012-01-01 20:00:00-0600,2025-08-07 18:00:00-0500,119206,13410,105796,3891,/mnt/12TB/Sujan/Spatial_correlation/Codes/Compiled_rain/compiled_rawstyle_hourly_mm/per_station_hourly/16018.hourly_mm.csv
16019,2012-01-01 08:00:00-0600,2023-12-30 20:00:00-0600,105157,11952,93205,3679,/mnt/12TB/Sujan/Spatial_correlation/Codes/Compiled_rain/compiled_rawstyle_hourly_mm/per_station_hourly/16019.hourly_mm.csv
16020,2012-01-01 23:00:00-0600,2023-12-31 03:00:00-0600,105149,11939,93210,3867,/mnt/12TB/Sujan/Spatial_correlation/Codes/Compiled_rain/compiled_rawstyle_hourly_mm/per_station_hourly/16020.hourly_mm.csv
16021,2012-01-01 13:00:00-0600,2023-12-31 07:00:00-0600,105163,16676,88487,3608,/mnt/12TB/Sujan/Spatial_correlation/Codes/Compiled_rain/compiled_rawstyle_hourly_mm/per_station_hourly/16021.hourly_mm.csv
16022,2012-01-01 16:00:00-0600,2023-12-31 02:00:00-0600,105155,16258,88897,3606,/mnt/12TB/Sujan/Spatial_correlation/Codes/Compiled_rain/compiled_rawstyle_hourly_mm/per_station_hourly/16022.hourly_mm.csv
16023,2012-01-01 19:00:00-0600,2023-12-31 04:00:00-0600,105154,11937,93217,3600,/mnt/12TB/Sujan/Spatial_correlation/Codes/Compiled_rain/compiled_rawstyle_hourly_mm/per_station_hourly/16023.hourly_mm.csv
16024,2012-01-01 17:00:00-0600,2023-08-15 21:00:00-0500,101860,11477,90383,3457,/mnt/12TB/Sujan/Spatial_correlation/Codes/Compiled_rain/compiled_rawstyle_hourly_mm/per_station_hourly/16024.hourly_mm.csv
16025,2012-01-01 14:00:00-0600,2023-12-31 06:00:00-0600,105161,11424,93737,3363,/mnt/12TB/Sujan/Spatial_correlation/Codes/Compiled_rain/compiled_rawstyle_hourly_mm/per_station_hourly/16025.hourly_mm.csv
16026,2012-01-01 16:00:00-0600,2023-11-27 21:00:00-0600,104358,11998,92360,3784,/mnt/12TB/Sujan/Spatial_correlation/Codes/Compiled_rain/compiled_rawstyle_hourly_mm/per_station_hourly/16026.hourly_mm.csv
16027,2012-01-01 19:00:00-0600,2023-12-31 03:00:00-0600,105153,11818,93335,3425,/mnt/12TB/Sujan/Spatial_correlation/Codes/Compiled_rain/compiled_rawstyle_hourly_mm/per_station_hourly/16027.hourly_mm.csv
16028,2012-01-01 09:00:00-0600,2025-08-07 20:00:00-0500,119219,13287,105932,3919,/mnt/12TB/Sujan/Spatial_correlation/Codes/Compiled_rain/compiled_rawstyle_hourly_mm/per_station_hourly/16028.hourly_mm.csv
16029,2013-01-01 15:00:00-0600,2025-08-07 19:00:00-0500,110428,12525,97903,3858,/mnt/12TB/Sujan/Spatial_correlation/Codes/Compiled_rain/compiled_rawstyle_hourly_mm/per_station_hourly/16029.hourly_mm.csv
16030,2012-01-01 15:00:00-0600,2025-08-08 04:00:00-0500,119221,13592,105629,4127,/mnt/12TB/Sujan/Spatial_correlation/Codes/Compiled_rain/compiled_rawstyle_hourly_mm/per_station_hourly/16030.hourly_mm.csv
16031,2012-01-01 18:00:00-0600,2023-12-31 04:00:00-0600,105155,11795,93360,3439,/mnt/12TB/Sujan/Spatial_correlation/Codes/Compiled_rain/compiled_rawstyle_hourly_mm/per_station_hourly/16031.hourly_mm.csv
16032,2012-01-01 19:00:00-0600,2023-12-31 05:00:00-0600,105155,11770,93385,3425,/mnt/12TB/Sujan/Spatial_correlation/Codes/Compiled_rain/compiled_rawstyle_hourly_mm/per_station_hourly/16032.hourly_mm.csv
16033,2012-01-01 17:00:00-0600,2023-12-31 04:00:00-0600,105156,11240,93916,3341,/mnt/12TB/Sujan/Spatial_correlation/Codes/Compiled_rain/compiled_rawstyle_hourly_mm/per_station_hourly/16033.hourly_mm.csv
16034,2012-01-01 18:00:00-0600,2023-12-30 20:00:00-0600,105147,11806,93341,3575,/mnt/12TB/Sujan/Spatial_correlation/Codes/Compiled_rain/compiled_rawstyle_hourly_mm/per_station_hourly/16034.hourly_mm.csv
16035,2012-01-01 09:00:00-0600,2025-08-08 02:00:00-0500,119225,13393,105832,3955,/mnt/12TB/Sujan/Spatial_correlation/Codes/Compiled_rain/compiled_rawstyle_hourly_mm/per_station_hourly/16035.hourly_mm.csv
16036,2012-01-01 16:00:00-0600,2023-12-31 01:00:00-0600,105154,11964,93190,3715,/mnt/12TB/Sujan/Spatial_correlation/Codes/Compiled_rain/compiled_rawstyle_hourly_mm/per_station_hourly/16036.hourly_mm.csv
16037,2012-01-01 14:00:00-0600,2025-08-08 05:00:00-0500,119223,13180,106043,3873,/mnt/12TB/Sujan/Spatial_correlation/Codes/Compiled_rain/compiled_rawstyle_hourly_mm/per_station_hourly/16037.hourly_mm.csv
16038,2014-07-25 05:00:00-0500,2025-08-08 02:00:00-0500,96766,11068,85698,4075,/mnt/12TB/Sujan/Spatial_correlation/Codes/Compiled_rain/compiled_rawstyle_hourly_mm/per_station_hourly/16038.hourly_mm.csv
16039,2012-01-01 17:00:00-0600,2025-08-08 06:00:00-0500,119221,13412,105809,3903,/mnt/12TB/Sujan/Spatial_correlation/Codes/Compiled_rain/compiled_rawstyle_hourly_mm/per_station_hourly/16039.hourly_mm.csv
16040,2012-01-01 13:00:00-0600,2025-08-08 02:00:00-0500,119221,23134,96087,4109,/mnt/12TB/Sujan/Spatial_correlation/Codes/Compiled_rain/compiled_rawstyle_hourly_mm/per_station_hourly/16040.hourly_mm.csv
16042,2012-01-01 17:00:00-0600,2025-08-08 04:00:00-0500,119219,13478,105741,4059,/mnt/12TB/Sujan/Spatial_correlation/Codes/Compiled_rain/compiled_rawstyle_hourly_mm/per_station_hourly/16042.hourly_mm.csv
16043,2012-01-01 16:00:00-0600,2025-08-08 02:00:00-0500,119218,13533,105685,4037,/mnt/12TB/Sujan/Spatial_correlation/Codes/Compiled_rain/compiled_rawstyle_hourly_mm/per_station_hourly/16043.hourly_mm.csv
16044,2012-01-01 13:00:00-0600,2025-08-08 05:00:00-0500,119224,13815,105409,3986,/mnt/12TB/Sujan/Spatial_correlation/Codes/Compiled_rain/compiled_rawstyle_hourly_mm/per_station_hourly/16044.hourly_mm.csv
16045,2012-01-01 14:00:00-0600,2025-08-08 05:00:00-0500,119223,13383,105840,4015,/mnt/12TB/Sujan/Spatial_correlation/Codes/Compiled_rain/compiled_rawstyle_hourly_mm/per_station_hourly/16045.hourly_mm.csv
16046,2012-01-01 19:00:00-0600,2023-12-31 03:00:00-0600,105153,11153,94000,3405,/mnt/12TB/Sujan/Spatial_correlation/Codes/Compiled_rain/compiled_rawstyle_hourly_mm/per_station_hourly/16046.hourly_mm.csv
16047,2012-01-01 16:00:00-0600,2023-12-31 04:00:00-0600,105157,11875,93282,3614,/mnt/12TB/Sujan/Spatial_correlation/Codes/Compiled_rain/compiled_rawstyle_hourly_mm/per_station_hourly/16047.hourly_mm.csv
16048,2012-01-01 18:00:00-0600,2025-08-08 02:00:00-0500,119216,13463,105753,4082,/mnt/12TB/Sujan/Spatial_correlation/Codes/Compiled_rain/compiled_rawstyle_hourly_mm/per_station_hourly/16048.hourly_mm.csv
16049,2012-01-01 17:00:00-0600,2025-08-08 02:00:00-0500,119217,29953,89264,4014,/mnt/12TB/Sujan/Spatial_correlation/Codes/Compiled_rain/compiled_rawstyle_hourly_mm/per_station_hourly/16049.hourly_mm.csv
16050,2012-01-01 15:00:00-0600,2023-12-31 02:00:00-0600,105156,9750,95406,2994,/mnt/12TB/Sujan/Spatial_correlation/Codes/Compiled_rain/compiled_rawstyle_hourly_mm/per_station_hourly/16050.hourly_mm.csv
16051,2012-01-01 14:00:00-0600,2023-12-31 03:00:00-0600,105158,11455,93703,3286,/mnt/12TB/Sujan/Spatial_correlation/Codes/Compiled_rain/compiled_rawstyle_hourly_mm/per_station_hourly/16051.hourly_mm.csv
16052,2012-01-01 14:00:00-0600,2023-12-31 07:00:00-0600,105162,11707,93455,3550,/mnt/12TB/Sujan/Spatial_correlation/Codes/Compiled_rain/compiled_rawstyle_hourly_mm/per_station_hourly/16052.hourly_mm.csv
16053,2012-01-02 09:00:00-0600,2023-11-25 17:00:00-0600,104289,10910,93379,3444,/mnt/12TB/Sujan/Spatial_correlation/Codes/Compiled_rain/compiled_rawstyle_hourly_mm/per_station_hourly/16053.hourly_mm.csv
16054,2012-01-01 12:00:00-0600,2023-12-30 20:00:00-0600,105153,11881,93272,3570,/mnt/12TB/Sujan/Spatial_correlation/Codes/Compiled_rain/compiled_rawstyle_hourly_mm/per_station_hourly/16054.hourly_mm.csv
16055,2014-05-27 08:00:00-0500,2025-08-07 19:00:00-0500,98172,11105,87067,3369,/mnt/12TB/Sujan/Spatial_correlation/Codes/Compiled_rain/compiled_rawstyle_hourly_mm/per_station_hourly/16055.hourly_mm.csv
16057,2012-01-01 11:00:00-0600,2025-08-08 02:00:00-0500,119223,22608,96615,4199,/mnt/12TB/Sujan/Spatial_correlation/Codes/Compiled_rain/compiled_rawstyle_hourly_mm/per_station_hourly/16057.hourly_mm.csv
16058,2012-01-01 12:00:00-0600,2025-08-08 02:00:00-0500,119222,13307,105915,3828,/mnt/12TB/Sujan/Spatial_correlation/Codes/Compiled_rain/compiled_rawstyle_hourly_mm/per_station_hourly/16058.hourly_mm.csv
16059,2012-01-01 14:00:00-0600,2025-08-07 20:00:00-0500,119214,12760,106454,3699,/mnt/12TB/Sujan/Spatial_correlation/Codes/Compiled_rain/compiled_rawstyle_hourly_mm/per_station_hourly/16059.hourly_mm.csv
16060,2015-11-23 22:00:00-0600,2025-08-07 20:00:00-0500,85078,9315,75763,2836,/mnt/12TB/Sujan/Spatial_correlation/Codes/Compiled_rain/compiled_rawstyle_hourly_mm/per_station_hourly/16060.hourly_mm.csv
16061,2012-01-01 11:00:00-0600,2025-08-07 20:00:00-0500,119217,13224,105993,3966,/mnt/12TB/Sujan/Spatial_correlation/Codes/Compiled_rain/compiled_rawstyle_hourly_mm/per_station_hourly/16061.hourly_mm.csv
16062,2012-01-01 17:00:00-0600,2025-08-08 02:00:00-0500,119217,13589,105628,4094,/mnt/12TB/Sujan/Spatial_correlation/Codes/Compiled_rain/compiled_rawstyle_hourly_mm/per_station_hourly/16062.hourly_mm.csv
16063,2012-01-01 12:00:00-0600,2025-08-07 21:00:00-0500,119217,13227,105990,3973,/mnt/12TB/Sujan/Spatial_correlation/Codes/Compiled_rain/compiled_rawstyle_hourly_mm/per_station_hourly/16063.hourly_mm.csv
16064,2012-01-01 18:00:00-0600,2025-08-08 02:00:00-0500,119216,13765,105451,4252,/mnt/12TB/Sujan/Spatial_correlation/Codes/Compiled_rain/compiled_rawstyle_hourly_mm/per_station_hourly/16064.hourly_mm.csv
16065,2012-01-01 16:00:00-0600,2025-08-08 05:00:00-0500,119221,13299,105922,3801,/mnt/12TB/Sujan/Spatial_correlation/Codes/Compiled_rain/compiled_rawstyle_hourly_mm/per_station_hourly/16065.hourly_mm.csv
16066,2012-01-01 17:00:00-0600,2025-08-07 19:00:00-0500,119210,13493,105717,3984,/mnt/12TB/Sujan/Spatial_correlation/Codes/Compiled_rain/compiled_rawstyle_hourly_mm/per_station_hourly/16066.hourly_mm.csv
16067,2012-01-01 18:00:00-0600,2025-08-08 06:00:00-0500,119220,13380,105840,3910,/mnt/12TB/Sujan/Spatial_correlation/Codes/Compiled_rain/compiled_rawstyle_hourly_mm/per_station_hourly/16067.hourly_mm.csv
16068,2012-01-01 16:00:00-0600,2025-08-08 06:00:00-0500,119222,12977,106245,3942,/mnt/12TB/Sujan/Spatial_correlation/Codes/Compiled_rain/compiled_rawstyle_hourly_mm/per_station_hourly/16068.hourly_mm.csv
16069,2012-01-01 19:00:00-0600,2025-08-07 19:00:00-0500,119208,13069,106139,4009,/mnt/12TB/Sujan/Spatial_correlation/Codes/Compiled_rain/compiled_rawstyle_hourly_mm/per_station_hourly/16069.hourly_mm.csv
16070,2012-01-01 16:00:00-0600,2025-08-08 02:00:00-0500,119218,13020,106198,3780,/mnt/12TB/Sujan/Spatial_correlation/Codes/Compiled_rain/compiled_rawstyle_hourly_mm/per_station_hourly/16070.hourly_mm.csv
16071,2012-01-01 14:00:00-0600,2025-08-08 02:00:00-0500,119220,13562,105658,4063,/mnt/12TB/Sujan/Spatial_correlation/Codes/Compiled_rain/compiled_rawstyle_hourly_mm/per_station_hourly/16071.hourly_mm.csv
16072,2012-01-01 19:00:00-0600,2025-08-08 02:00:00-0500,119215,20489,98726,4286,/mnt/12TB/Sujan/Spatial_correlation/Codes/Compiled_rain/compiled_rawstyle_hourly_mm/per_station_hourly/16072.hourly_mm.csv
16073,2012-01-01 18:00:00-0600,2025-08-07 18:00:00-0500,119208,13757,105451,4320,/mnt/12TB/Sujan/Spatial_correlation/Codes/Compiled_rain/compiled_rawstyle_hourly_mm/per_station_hourly/16073.hourly_mm.csv
16074,2012-01-01 13:00:00-0600,2025-08-07 19:00:00-0500,119214,13241,105973,3802,/mnt/12TB/Sujan/Spatial_correlation/Codes/Compiled_rain/compiled_rawstyle_hourly_mm/per_station_hourly/16074.hourly_mm.csv
16075,2012-01-01 17:00:00-0600,2025-08-07 21:00:00-0500,119212,13511,105701,4098,/mnt/12TB/Sujan/Spatial_correlation/Codes/Compiled_rain/compiled_rawstyle_hourly_mm/per_station_hourly/16075.hourly_mm.csv
16076,2012-01-01 16:00:00-0600,2025-08-08 06:00:00-0500,119222,13471,105751,4145,/mnt/12TB/Sujan/Spatial_correlation/Codes/Compiled_rain/compiled_rawstyle_hourly_mm/per_station_hourly/16076.hourly_mm.csv
16077,2012-01-01 16:00:00-0600,2025-08-08 02:00:00-0500,119218,13499,105719,4132,/mnt/12TB/Sujan/Spatial_correlation/Codes/Compiled_rain/compiled_rawstyle_hourly_mm/per_station_hourly/16077.hourly_mm.csv
16078,2012-01-01 15:00:00-0600,2025-08-08 02:00:00-0500,119219,13259,105960,4042,/mnt/12TB/Sujan/Spatial_correlation/Codes/Compiled_rain/compiled_rawstyle_hourly_mm/per_station_hourly/16078.hourly_mm.csv
16079,2012-01-01 15:00:00-0600,2025-08-07 20:00:00-0500,119213,13135,106078,3703,/mnt/12TB/Sujan/Spatial_correlation/Codes/Compiled_rain/compiled_rawstyle_hourly_mm/per_station_hourly/16079.hourly_mm.csv
16080,2012-01-01 17:00:00-0600,2025-08-08 05:00:00-0500,119220,13122,106098,3979,/mnt/12TB/Sujan/Spatial_correlation/Codes/Compiled_rain/compiled_rawstyle_hourly_mm/per_station_hourly/16080.hourly_mm.csv
16081,2012-01-01 14:00:00-0600,2025-08-04 05:00:00-0500,119127,12929,106198,4166,/mnt/12TB/Sujan/Spatial_correlation/Codes/Compiled_rain/compiled_rawstyle_hourly_mm/per_station_hourly/16081.hourly_mm.csv
16082,2012-01-01 08:00:00-0600,2025-08-07 22:00:00-0500,119222,13645,105577,4245,/mnt/12TB/Sujan/Spatial_correlation/Codes/Compiled_rain/compiled_rawstyle_hourly_mm/per_station_hourly/16082.hourly_mm.csv
16083,2012-06-06 05:00:00-0500,2025-08-08 06:00:00-0500,115466,12902,102564,3826,/mnt/12TB/Sujan/Spatial_correlation/Codes/Compiled_rain/compiled_rawstyle_hourly_mm/per_station_hourly/16083.hourly_mm.csv
16084,2012-01-01 17:00:00-0600,2025-08-08 04:00:00-0500,119219,17500,101719,3191,/mnt/12TB/Sujan/Spatial_correlation/Codes/Compiled_rain/compiled_rawstyle_hourly_mm/per_station_hourly/16084.hourly_mm.csv
16085,2012-01-01 17:00:00-0600,2025-08-08 05:00:00-0500,119220,13350,105870,4048,/mnt/12TB/Sujan/Spatial_correlation/Codes/Compiled_rain/compiled_rawstyle_hourly_mm/per_station_hourly/16085.hourly_mm.csv
16086,2012-01-01 09:00:00-0600,2025-08-08 06:00:00-0500,119229,13064,106165,3806,/mnt/12TB/Sujan/Spatial_correlation/Codes/Compiled_rain/compiled_rawstyle_hourly_mm/per_station_hourly/16086.hourly_mm.csv
16087,2014-10-03 09:00:00-0500,2025-08-08 04:00:00-0500,95084,9824,85260,2912,/mnt/12TB/Sujan/Spatial_correlation/Codes/Compiled_rain/compiled_rawstyle_hourly_mm/per_station_hourly/16087.hourly_mm.csv
16088,2014-10-30 10:00:00-0500,2025-08-08 05:00:00-0500,94436,10710,83726,3336,/mnt/12TB/Sujan/Spatial_correlation/Codes/Compiled_rain/compiled_rawstyle_hourly_mm/per_station_hourly/16088.hourly_mm.csv
16090,2016-03-21 18:00:00-0500,2023-12-31 06:00:00-0600,68174,7773,60401,2391,/mnt/12TB/Sujan/Spatial_correlation/Codes/Compiled_rain/compiled_rawstyle_hourly_mm/per_station_hourly/16090.hourly_mm.csv
16093,2012-01-01 08:00:00-0600,2025-08-08 04:00:00-0500,119228,13488,105740,4126,/mnt/12TB/Sujan/Spatial_correlation/Codes/Compiled_rain/compiled_rawstyle_hourly_mm/per_station_hourly/16093.hourly_mm.csv
16094,2012-01-01 19:00:00-0600,2025-08-08 02:00:00-0500,119215,13426,105789,4163,/mnt/12TB/Sujan/Spatial_correlation/Codes/Compiled_rain/compiled_rawstyle_hourly_mm/per_station_hourly/16094.hourly_mm.csv
16095,2012-01-01 15:00:00-0600,2025-08-07 20:00:00-0500,119213,13626,105587,4275,/mnt/12TB/Sujan/Spatial_correlation/Codes/Compiled_rain/compiled_rawstyle_hourly_mm/per_station_hourly/16095.hourly_mm.csv
16096,2014-08-01 10:00:00-0500,2025-08-07 19:00:00-0500,96586,11217,85369,3562,/mnt/12TB/Sujan/Spatial_correlation/Codes/Compiled_rain/compiled_rawstyle_hourly_mm/per_station_hourly/16096.hourly_mm.csv
16098,2016-09-12 09:00:00-0500,2025-08-08 02:00:00-0500,78042,10375,67667,4245,/mnt/12TB/Sujan/Spatial_correlation/Codes/Compiled_rain/compiled_rawstyle_hourly_mm/per_station_hourly/16098.hourly_mm.csv
16099,2022-11-04 09:00:00-0500,2025-08-08 06:00:00-0500,24190,2595,21595,752,/mnt/12TB/Sujan/Spatial_correlation/Codes/Compiled_rain/compiled_rawstyle_hourly_mm/per_station_hourly/16099.hourly_mm.csv
16105,2019-07-16 09:00:00-0500,2025-08-07 21:00:00-0500,53149,5964,47185,1762,/mnt/12TB/Sujan/Spatial_correlation/Codes/Compiled_rain/compiled_rawstyle_hourly_mm/per_station_hourly/16105.hourly_mm.csv
16106,2023-08-22 16:00:00-0500,2025-08-07 21:00:00-0500,17190,1886,15304,547,/mnt/12TB/Sujan/Spatial_correlation/Codes/Compiled_rain/compiled_rawstyle_hourly_mm/per_station_hourly/16106.hourly_mm.csv
16112,2021-07-28 06:00:00-0500,2025-08-07 19:00:00-0500,35318,2375,32943,718,/mnt/12TB/Sujan/Spatial_correlation/Codes/Compiled_rain/compiled_rawstyle_hourly_mm/per_station_hourly/16112.hourly_mm.csv
1720,2012-01-01 09:00:00-0600,2025-08-08 06:00:00-0500,119229,12951,106278,3866,/mnt/12TB/Sujan/Spatial_correlation/Codes/Compiled_rain/compiled_rawstyle_hourly_mm/per_station_hourly/1720.hourly_mm.csv
2320,2012-01-01 08:00:00-0600,2025-08-08 06:00:00-0500,119230,7646,111584,2326,/mnt/12TB/Sujan/Spatial_correlation/Codes/Compiled_rain/compiled_rawstyle_hourly_mm/per_station_hourly/2320.hourly_mm.csv
2420,2012-01-01 16:00:00-0600,2025-08-08 00:00:00-0500,119216,12897,106319,3653,/mnt/12TB/Sujan/Spatial_correlation/Codes/Compiled_rain/compiled_rawstyle_hourly_mm/per_station_hourly/2420.hourly_mm.csv
2440,2012-01-01 17:00:00-0600,2025-08-07 19:00:00-0500,119210,13283,105927,4032,/mnt/12TB/Sujan/Spatial_correlation/Codes/Compiled_rain/compiled_rawstyle_hourly_mm/per_station_hourly/2440.hourly_mm.csv
2460,2012-04-18 22:00:00-0500,2025-07-24 11:00:00-0500,116270,11734,104536,2256,/mnt/12TB/Sujan/Spatial_correlation/Codes/Compiled_rain/compiled_rawstyle_hourly_mm/per_station_hourly/2460.hourly_mm.csv
2500,2012-01-01 15:00:00-0600,2025-08-07 20:00:00-0500,119213,13189,106024,3796,/mnt/12TB/Sujan/Spatial_correlation/Codes/Compiled_rain/compiled_rawstyle_hourly_mm/per_station_hourly/2500.hourly_mm.csv
2520,2012-01-01 13:00:00-0600,2025-08-07 21:00:00-0500,119216,12981,106235,4109,/mnt/12TB/Sujan/Spatial_correlation/Codes/Compiled_rain/compiled_rawstyle_hourly_mm/per_station_hourly/2520.hourly_mm.csv
2540,2014-12-31 19:00:00-0600,2025-08-07 22:00:00-0500,92931,10471,82460,3283,/mnt/12TB/Sujan/Spatial_correlation/Codes/Compiled_rain/compiled_rawstyle_hourly_mm/per_station_hourly/2540.hourly_mm.csv
2600,2012-01-01 11:00:00-0600,2025-08-07 23:00:00-0500,119220,13527,105693,4395,/mnt/12TB/Sujan/Spatial_correlation/Codes/Compiled_rain/compiled_rawstyle_hourly_mm/per_station_hourly/2600.hourly_mm.csv
2610,2012-01-01 13:00:00-0600,2025-08-08 04:00:00-0500,119223,13398,105825,4277,/mnt/12TB/Sujan/Spatial_correlation/Codes/Compiled_rain/compiled_rawstyle_hourly_mm/per_station_hourly/2610.hourly_mm.csv
2620,2012-01-01 13:00:00-0600,2025-08-07 23:00:00-0500,119218,13271,105947,4064,/mnt/12TB/Sujan/Spatial_correlation/Codes/Compiled_rain/compiled_rawstyle_hourly_mm/per_station_hourly/2620.hourly_mm.csv
2630,2012-01-01 15:00:00-0600,2025-08-07 19:00:00-0500,119212,13185,106027,3952,/mnt/12TB/Sujan/Spatial_correlation/Codes/Compiled_rain/compiled_rawstyle_hourly_mm/per_station_hourly/2630.hourly_mm.csv
2640,2012-01-01 08:00:00-0600,2025-08-07 23:00:00-0500,119223,13392,105831,4090,/mnt/12TB/Sujan/Spatial_correlation/Codes/Compiled_rain/compiled_rawstyle_hourly_mm/per_station_hourly/2640.hourly_mm.csv
2650,2012-01-01 14:00:00-0600,2025-08-07 19:00:00-0500,119213,12431,106782,3838,/mnt/12TB/Sujan/Spatial_correlation/Codes/Compiled_rain/compiled_rawstyle_hourly_mm/per_station_hourly/2650.hourly_mm.csv
2700,2012-01-01 13:00:00-0600,2025-08-07 23:00:00-0500,119218,12641,106577,4004,/mnt/12TB/Sujan/Spatial_correlation/Codes/Compiled_rain/compiled_rawstyle_hourly_mm/per_station_hourly/2700.hourly_mm.csv
2710,2012-01-01 17:00:00-0600,2025-08-07 19:00:00-0500,119210,13002,106208,3981,/mnt/12TB/Sujan/Spatial_correlation/Codes/Compiled_rain/compiled_rawstyle_hourly_mm/per_station_hourly/2710.hourly_mm.csv
2720,2012-01-01 12:00:00-0600,2025-08-08 04:00:00-0500,119224,12993,106231,4176,/mnt/12TB/Sujan/Spatial_correlation/Codes/Compiled_rain/compiled_rawstyle_hourly_mm/per_station_hourly/2720.hourly_mm.csv
2730,2012-01-01 12:00:00-0600,2025-08-08 05:00:00-0500,119225,13301,105924,4223,/mnt/12TB/Sujan/Spatial_correlation/Codes/Compiled_rain/compiled_rawstyle_hourly_mm/per_station_hourly/2730.hourly_mm.csv
2740,2012-01-01 08:00:00-0600,2025-08-07 21:00:00-0500,119221,13066,106155,4239,/mnt/12TB/Sujan/Spatial_correlation/Codes/Compiled_rain/compiled_rawstyle_hourly_mm/per_station_hourly/2740.hourly_mm.csv
2790,2012-01-01 10:00:00-0600,2025-06-17 17:00:00-0500,117991,11755,106236,3718,/mnt/12TB/Sujan/Spatial_correlation/Codes/Compiled_rain/compiled_rawstyle_hourly_mm/per_station_hourly/2790.hourly_mm.csv
2800,2012-01-01 16:00:00-0600,2025-08-07 20:00:00-0500,119212,13313,105899,4280,/mnt/12TB/Sujan/Spatial_correlation/Codes/Compiled_rain/compiled_rawstyle_hourly_mm/per_station_hourly/2800.hourly_mm.csv
2840,2012-01-01 17:00:00-0600,2025-08-08 06:00:00-0500,119221,12986,106235,3983,/mnt/12TB/Sujan/Spatial_correlation/Codes/Compiled_rain/compiled_rawstyle_hourly_mm/per_station_hourly/2840.hourly_mm.csv
2890,2012-01-01 09:00:00-0600,2025-08-08 01:00:00-0500,119224,12042,107182,3800,/mnt/12TB/Sujan/Spatial_correlation/Codes/Compiled_rain/compiled_rawstyle_hourly_mm/per_station_hourly/2890.hourly_mm.csv
2900,2012-01-01 15:00:00-0600,2023-12-31 01:00:00-0600,105155,11815,93340,3533,/mnt/12TB/Sujan/Spatial_correlation/Codes/Compiled_rain/compiled_rawstyle_hourly_mm/per_station_hourly/2900.hourly_mm.csv
3000,2012-01-01 19:00:00-0600,2023-12-31 07:00:00-0600,105157,11913,93244,3596,/mnt/12TB/Sujan/Spatial_correlation/Codes/Compiled_rain/compiled_rawstyle_hourly_mm/per_station_hourly/3000.hourly_mm.csv
3600,2012-01-01 11:00:00-0600,2025-08-08 06:00:00-0500,119227,13398,105829,3378,/mnt/12TB/Sujan/Spatial_correlation/Codes/Compiled_rain/compiled_rawstyle_hourly_mm/per_station_hourly/3600.hourly_mm.csv
3620,2014-12-31 20:00:00-0600,2025-08-08 01:00:00-0500,92933,10164,82769,3273,/mnt/12TB/Sujan/Spatial_correlation/Codes/Compiled_rain/compiled_rawstyle_hourly_mm/per_station_hourly/3620.hourly_mm.csv
3640,2012-01-01 10:00:00-0600,2025-08-07 09:00:00-0500,119207,12996,106211,3986,/mnt/12TB/Sujan/Spatial_correlation/Codes/Compiled_rain/compiled_rawstyle_hourly_mm/per_station_hourly/3640.hourly_mm.csv
3660,2012-01-01 08:00:00-0600,2023-12-31 01:00:00-0600,105162,11519,93643,2632,/mnt/12TB/Sujan/Spatial_correlation/Codes/Compiled_rain/compiled_rawstyle_hourly_mm/per_station_hourly/3660.hourly_mm.csv
3680,2014-12-31 23:00:00-0600,2025-08-08 06:00:00-0500,92935,10399,82536,3265,/mnt/12TB/Sujan/Spatial_correlation/Codes/Compiled_rain/compiled_rawstyle_hourly_mm/per_station_hourly/3680.hourly_mm.csv
3690,2012-01-01 12:00:00-0600,2023-12-30 21:00:00-0600,105154,11875,93279,3739,/mnt/12TB/Sujan/Spatial_correlation/Codes/Compiled_rain/compiled_rawstyle_hourly_mm/per_station_hourly/3690.hourly_mm.csv
3700,2014-12-31 18:00:00-0600,2025-08-08 00:00:00-0500,92934,10644,82290,3442,/mnt/12TB/Sujan/Spatial_correlation/Codes/Compiled_rain/compiled_rawstyle_hourly_mm/per_station_hourly/3700.hourly_mm.csv
3720,2014-12-31 18:00:00-0600,2025-08-08 04:00:00-0500,92938,10448,82490,3416,/mnt/12TB/Sujan/Spatial_correlation/Codes/Compiled_rain/compiled_rawstyle_hourly_mm/per_station_hourly/3720.hourly_mm.csv
3740,2012-01-01 13:00:00-0600,2025-08-08 06:00:00-0500,119225,13307,105918,4150,/mnt/12TB/Sujan/Spatial_correlation/Codes/Compiled_rain/compiled_rawstyle_hourly_mm/per_station_hourly/3740.hourly_mm.csv
3760,2012-06-05 07:00:00-0500,2023-12-30 23:00:00-0600,101418,11089,90329,3326,/mnt/12TB/Sujan/Spatial_correlation/Codes/Compiled_rain/compiled_rawstyle_hourly_mm/per_station_hourly/3760.hourly_mm.csv
3770,2012-06-05 09:00:00-0500,2025-08-07 19:00:00-0500,115475,12549,102926,3559,/mnt/12TB/Sujan/Spatial_correlation/Codes/Compiled_rain/compiled_rawstyle_hourly_mm/per_station_hourly/3770.hourly_mm.csv
3800,2014-12-31 20:00:00-0600,2025-08-07 23:00:00-0500,92931,10182,82749,3203,/mnt/12TB/Sujan/Spatial_correlation/Codes/Compiled_rain/compiled_rawstyle_hourly_mm/per_station_hourly/3800.hourly_mm.csv
3810,2012-01-01 12:00:00-0600,2025-08-07 19:00:00-0500,119215,13138,106077,4082,/mnt/12TB/Sujan/Spatial_correlation/Codes/Compiled_rain/compiled_rawstyle_hourly_mm/per_station_hourly/3810.hourly_mm.csv
3820,2015-01-01 01:00:00-0600,2025-08-07 21:00:00-0500,92924,9299,83625,2836,/mnt/12TB/Sujan/Spatial_correlation/Codes/Compiled_rain/compiled_rawstyle_hourly_mm/per_station_hourly/3820.hourly_mm.csv
3860,2014-12-31 18:00:00-0600,2025-08-07 19:00:00-0500,92929,10674,82255,3266,/mnt/12TB/Sujan/Spatial_correlation/Codes/Compiled_rain/compiled_rawstyle_hourly_mm/per_station_hourly/3860.hourly_mm.csv
3880,2012-01-01 10:00:00-0600,2025-08-07 23:00:00-0500,119221,13431,105790,4034,/mnt/12TB/Sujan/Spatial_correlation/Codes/Compiled_rain/compiled_rawstyle_hourly_mm/per_station_hourly/3880.hourly_mm.csv
3900,2015-01-01 05:00:00-0600,2025-04-10 19:00:00-0500,90062,10125,79937,3145,/mnt/12TB/Sujan/Spatial_correlation/Codes/Compiled_rain/compiled_rawstyle_hourly_mm/per_station_hourly/3900.hourly_mm.csv
3920,2013-01-17 03:00:00-0600,2025-08-08 00:00:00-0500,110061,11565,98496,2973,/mnt/12TB/Sujan/Spatial_correlation/Codes/Compiled_rain/compiled_rawstyle_hourly_mm/per_station_hourly/3920.hourly_mm.csv
3940,2014-12-31 22:00:00-0600,2023-12-31 02:00:00-0600,78869,9063,69806,2975,/mnt/12TB/Sujan/Spatial_correlation/Codes/Compiled_rain/compiled_rawstyle_hourly_mm/per_station_hourly/3940.hourly_mm.csv
3960,2020-10-09 16:00:00-0500,2025-08-08 05:00:00-0500,42326,4375,37951,1239,/mnt/12TB/Sujan/Spatial_correlation/Codes/Compiled_rain/compiled_rawstyle_hourly_mm/per_station_hourly/3960.hourly_mm.csv
3980,2014-12-31 22:00:00-0600,2025-08-08 01:00:00-0500,92931,10209,82722,3190,/mnt/12TB/Sujan/Spatial_correlation/Codes/Compiled_rain/compiled_rawstyle_hourly_mm/per_station_hourly/3980.hourly_mm.csv
4000,2015-01-01 00:00:00-0600,2025-08-08 04:00:00-0500,92932,10245,82687,2992,/mnt/12TB/Sujan/Spatial_correlation/Codes/Compiled_rain/compiled_rawstyle_hourly_mm/per_station_hourly/4000.hourly_mm.csv
4040,2015-01-01 02:00:00-0600,2025-08-07 22:00:00-0500,92924,8789,84135,2298,/mnt/12TB/Sujan/Spatial_correlation/Codes/Compiled_rain/compiled_rawstyle_hourly_mm/per_station_hourly/4040.hourly_mm.csv
4060,2013-08-09 16:00:00-0500,2025-08-07 19:00:00-0500,105148,11115,94033,2802,/mnt/12TB/Sujan/Spatial_correlation/Codes/Compiled_rain/compiled_rawstyle_hourly_mm/per_station_hourly/4060.hourly_mm.csv
4080,2012-01-01 09:00:00-0600,2025-08-08 04:00:00-0500,119227,13275,105952,3292,/mnt/12TB/Sujan/Spatial_correlation/Codes/Compiled_rain/compiled_rawstyle_hourly_mm/per_station_hourly/4080.hourly_mm.csv
4150,2012-01-01 11:00:00-0600,2025-08-07 22:00:00-0500,119219,13301,105918,4192,/mnt/12TB/Sujan/Spatial_correlation/Codes/Compiled_rain/compiled_rawstyle_hourly_mm/per_station_hourly/4150.hourly_mm.csv
4160,2012-01-01 09:00:00-0600,2025-08-08 05:00:00-0500,119228,13325,105903,4057,/mnt/12TB/Sujan/Spatial_correlation/Codes/Compiled_rain/compiled_rawstyle_hourly_mm/per_station_hourly/4160.hourly_mm.csv
4200,2012-01-01 08:00:00-0600,2025-08-08 00:00:00-0500,119224,13164,106060,4094,/mnt/12TB/Sujan/Spatial_correlation/Codes/Compiled_rain/compiled_rawstyle_hourly_mm/per_station_hourly/4200.hourly_mm.csv
5100,2012-01-01 12:00:00-0600,2025-08-07 19:00:00-0500,119215,13386,105829,4091,/mnt/12TB/Sujan/Spatial_correlation/Codes/Compiled_rain/compiled_rawstyle_hourly_mm/per_station_hourly/5100.hourly_mm.csv
5110,2012-01-01 09:00:00-0600,2025-07-31 06:00:00-0500,119037,13217,105820,3180,/mnt/12TB/Sujan/Spatial_correlation/Codes/Compiled_rain/compiled_rawstyle_hourly_mm/per_station_hourly/5110.hourly_mm.csv
5170,2012-01-02 08:00:00-0600,2025-08-08 06:00:00-0500,119206,12498,106708,4001,/mnt/12TB/Sujan/Spatial_correlation/Codes/Compiled_rain/compiled_rawstyle_hourly_mm/per_station_hourly/5170.hourly_mm.csv
5200,2012-01-01 08:00:00-0600,2025-08-08 00:00:00-0500,119224,13385,105839,3875,/mnt/12TB/Sujan/Spatial_correlation/Codes/Compiled_rain/compiled_rawstyle_hourly_mm/per_station_hourly/5200.hourly_mm.csv
5400,2012-01-01 11:00:00-0600,2025-08-07 21:00:00-0500,119218,13079,106139,3885,/mnt/12TB/Sujan/Spatial_correlation/Codes/Compiled_rain/compiled_rawstyle_hourly_mm/per_station_hourly/5400.hourly_mm.csv
5600,2012-01-01 19:00:00-0600,2025-08-07 19:00:00-0500,119208,13443,105765,4210,/mnt/12TB/Sujan/Spatial_correlation/Codes/Compiled_rain/compiled_rawstyle_hourly_mm/per_station_hourly/5600.hourly_mm.csv
5700,2012-01-01 09:00:00-0600,2025-08-08 06:00:00-0500,119229,12956,106273,3975,/mnt/12TB/Sujan/Spatial_correlation/Codes/Compiled_rain/compiled_rawstyle_hourly_mm/per_station_hourly/5700.hourly_mm.csv
5800,2012-01-01 19:00:00-0600,2025-08-08 04:00:00-0500,119217,13290,105927,3902,/mnt/12TB/Sujan/Spatial_correlation/Codes/Compiled_rain/compiled_rawstyle_hourly_mm/per_station_hourly/5800.hourly_mm.csv
5900,2012-01-01 17:00:00-0600,2025-08-08 04:00:00-0500,119219,13013,106206,3849,/mnt/12TB/Sujan/Spatial_correlation/Codes/Compiled_rain/compiled_rawstyle_hourly_mm/per_station_hourly/5900.hourly_mm.csv
6000,2012-01-01 10:00:00-0600,2025-08-07 23:00:00-0500,119221,12963,106258,3807,/mnt/12TB/Sujan/Spatial_correlation/Codes/Compiled_rain/compiled_rawstyle_hourly_mm/per_station_hourly/6000.hourly_mm.csv
7000,2013-06-27 15:00:00-0500,2025-08-07 19:00:00-0500,106181,10737,95444,3328,/mnt/12TB/Sujan/Spatial_correlation/Codes/Compiled_rain/compiled_rawstyle_hourly_mm/per_station_hourly/7000.hourly_mm.csv
7010,2012-05-24 14:00:00-0500,2023-12-24 15:00:00-0600,101547,5304,96243,1517,/mnt/12TB/Sujan/Spatial_correlation/Codes/Compiled_rain/compiled_rawstyle_hourly_mm/per_station_hourly/7010.hourly_mm.csv
7020,2012-05-24 14:00:00-0500,2023-04-19 11:00:00-0500,95566,4934,90632,1472,/mnt/12TB/Sujan/Spatial_correlation/Codes/Compiled_rain/compiled_rawstyle_hourly_mm/per_station_hourly/7020.hourly_mm.csv
7030,2012-05-21 01:00:00-0500,2017-06-17 18:00:00-0500,44490,5351,39139,1969,/mnt/12TB/Sujan/Spatial_correlation/Codes/Compiled_rain/compiled_rawstyle_hourly_mm/per_station_hourly/7030.hourly_mm.csv
7050,2013-06-28 22:00:00-0500,2023-12-30 18:00:00-0600,92086,9864,82222,2683,/mnt/12TB/Sujan/Spatial_correlation/Codes/Compiled_rain/compiled_rawstyle_hourly_mm/per_station_hourly/7050.hourly_mm.csv
7060,2013-06-29 03:00:00-0500,2025-08-07 22:00:00-0500,106148,9375,96773,2939,/mnt/12TB/Sujan/Spatial_correlation/Codes/Compiled_rain/compiled_rawstyle_hourly_mm/per_station_hourly/7060.hourly_mm.csv
7070,2013-06-27 17:00:00-0500,2015-05-29 02:00:00-0500,16810,1567,15243,449,/mnt/12TB/Sujan/Spatial_correlation/Codes/Compiled_rain/compiled_rawstyle_hourly_mm/per_station_hourly/7070.hourly_mm.csv
7080,2013-06-27 14:00:00-0500,2023-12-30 19:00:00-0600,92119,5288,86831,1586,/mnt/12TB/Sujan/Spatial_correlation/Codes/Compiled_rain/compiled_rawstyle_hourly_mm/per_station_hourly/7080.hourly_mm.csv
